MATERIAL NUMBER,PLANT,MONTH,INVENTORY QUANTITY,CONSUMPTION,REPLENISHMENT,MULTIPLIER
247,26,8/31/2024,817,571,743,0.89
352,42,8/31/2024,962,388,590,1.17
830,81,8/31/2024,367,257,319,1.17
467,29,8/31/2024,876,742,760,1.04
412,93,8/31/2024,789,886,720,0.76
370,96,8/31/2024,64,25,23,1.01
411,97,8/31/2024,141,22,33,1.13
488,88,8/31/2024,967,884,749,0.97
529,89,8/31/2024,649,375,492,1.02
823,78,8/31/2024,179,153,121,1.19
830,94,8/31/2024,813,483,629,0.90
370,17,8/31/2024,98,5,24,1.22
247,70,8/31/2024,803,690,505,1.12
830,30,8/31/2024,242,151,120,0.77
412,71,8/31/2024,52,9,19,1.03
823,56,8/31/2024,694,347,465,1.09
412,84,8/31/2024,919,535,416,1.16
352,46,8/31/2024,677,73,127,1.18
488,68,8/31/2024,21,17,19,1.17
247,19,8/31/2024,507,116,35,1.02
467,77,8/31/2024,802,370,338,0.86
830,21,8/31/2024,534,420,425,1.17
412,62,8/31/2024,761,547,380,0.88
823,73,8/31/2024,282,155,96,0.85
529,18,8/31/2024,829,314,372,0.86
467,79,8/31/2024,62,36,24,1.12
529,31,8/31/2024,299,85,103,0.96
247,10,8/31/2024,786,890,709,0.88
411,94,8/31/2024,968,304,488,0.99
830,12,8/31/2024,149,106,96,1.00
488,19,8/31/2024,704,361,375,1.20
412,79,8/31/2024,971,428,554,1.25
830,80,8/31/2024,224,69,91,0.76
411,96,8/31/2024,370,267,300,1.19
823,53,8/31/2024,161,50,44,1.01
830,69,8/31/2024,291,175,172,1.20
467,17,8/31/2024,558,146,285,1.02
370,86,8/31/2024,382,260,344,1.23
529,13,8/31/2024,442,292,226,1.23
467,74,8/31/2024,479,100,201,1.21
352,21,8/31/2024,866,345,492,1.12
370,22,8/31/2024,210,79,125,0.75
411,36,8/31/2024,697,673,673,0.81
830,62,8/31/2024,157,15,35,0.85
467,10,8/31/2024,600,400,466,1.01
488,69,8/31/2024,203,1,25,1.17
411,91,8/31/2024,282,131,139,0.87
247,49,8/31/2024,976,241,368,1.22
488,58,8/31/2024,916,700,727,1.19
467,67,8/31/2024,130,76,46,0.79
370,55,8/31/2024,497,107,187,1.20
823,50,8/31/2024,429,207,306,0.79
411,16,8/31/2024,435,307,398,0.89
529,21,8/31/2024,720,160,340,1.08
370,57,8/31/2024,259,20,15,1.00
830,55,8/31/2024,454,420,406,1.08
488,62,8/31/2024,295,271,274,1.13
247,42,8/31/2024,958,371,361,0.83
352,84,8/31/2024,428,133,236,0.91
411,31,8/31/2024,166,106,83,1.03
488,51,8/31/2024,320,225,270,1.25
488,64,8/31/2024,602,76,40,0.78
529,78,8/31/2024,56,48,56,1.06
529,12,8/31/2024,845,249,181,0.77
370,63,8/31/2024,725,449,347,1.08
529,56,8/31/2024,132,129,130,1.22
411,77,8/31/2024,407,122,146,0.87
467,51,8/31/2024,837,102,211,1.11
411,13,8/31/2024,45,48,45,1.19
488,33,8/31/2024,312,234,168,1.02
830,39,8/31/2024,69,14,20,0.94
488,46,8/31/2024,948,52,242,0.79
247,39,8/31/2024,152,101,131,0.82
467,42,8/31/2024,933,283,479,1.02
411,15,8/31/2024,702,471,541,1.09
823,38,8/31/2024,299,88,100,1.14
823,93,8/31/2024,737,535,454,1.16
529,51,8/31/2024,69,2,7,1.07
830,56,8/31/2024,160,81,118,0.79
823,82,8/31/2024,903,692,764,0.81
823,29,8/31/2024,238,51,34,0.96
830,45,8/31/2024,585,188,328,0.92
488,94,8/31/2024,57,1,4,1.03
488,41,8/31/2024,916,524,387,0.80
467,50,8/31/2024,892,32,121,0.82
830,36,8/31/2024,983,461,648,1.23
247,23,8/31/2024,732,334,232,1.06
830,38,8/31/2024,54,47,52,0.93
488,45,8/31/2024,742,118,252,1.02
412,92,8/31/2024,284,18,33,0.86
830,93,8/31/2024,653,365,476,0.77
247,80,8/31/2024,410,66,37,0.96
488,34,8/31/2024,417,22,22,0.95
247,93,8/31/2024,83,40,35,1.02
352,43,8/31/2024,288,253,218,0.90
488,89,8/31/2024,396,158,253,0.77
823,79,8/31/2024,407,420,330,0.87
467,85,8/31/2024,236,134,94,1.07
830,84,8/31/2024,555,230,224,1.23
488,91,8/31/2024,742,236,295,1.07
830,31,8/31/2024,448,396,297,1.16
529,39,8/31/2024,216,93,119,0.81
247,97,8/31/2024,720,311,318,0.80
352,47,8/31/2024,393,214,265,0.82
823,83,8/31/2024,786,604,573,1.15
412,19,8/31/2024,607,149,264,0.90
488,14,8/31/2024,458,341,295,0.89
467,89,8/31/2024,987,516,437,0.90
411,49,8/31/2024,847,698,537,0.92
823,72,8/31/2024,503,31,111,0.89
467,78,8/31/2024,7,0,1,0.81
370,37,8/31/2024,294,120,141,1.13
823,74,8/31/2024,359,217,278,1.06
352,51,8/31/2024,330,295,249,1.06
370,26,8/31/2024,621,386,243,1.23
488,18,8/31/2024,91,35,45,1.23
529,32,8/31/2024,82,65,45,1.21
488,73,8/31/2024,87,67,51,1.21
823,76,8/31/2024,757,330,512,1.11
370,28,8/31/2024,419,320,257,0.77
467,82,8/31/2024,673,279,414,1.11
830,26,8/31/2024,701,517,559,0.85
247,13,8/31/2024,558,257,212,0.77
467,16,8/31/2024,594,49,55,1.18
823,65,8/31/2024,293,208,164,0.86
247,26,7/31/2024,645,314,256,0.79
352,42,7/31/2024,760,736,640,0.79
830,81,7/31/2024,305,175,205,0.83
467,29,7/31/2024,858,219,18,0.98
412,93,7/31/2024,955,580,707,1.21
370,96,7/31/2024,66,46,35,1.03
411,97,7/31/2024,130,66,83,0.92
488,88,7/31/2024,1102,793,715,1.14
529,89,7/31/2024,532,95,75,0.82
823,78,7/31/2024,211,61,98,1.18
830,94,7/31/2024,667,505,310,0.82
370,17,7/31/2024,79,4,16,0.81
247,70,7/31/2024,988,751,775,1.23
830,30,7/31/2024,273,28,81,1.13
412,71,7/31/2024,42,4,4,0.81
823,56,7/31/2024,576,155,16,0.83
412,84,7/31/2024,1038,4,344,1.13
352,46,7/31/2024,623,435,273,0.92
488,68,7/31/2024,19,11,11,0.91
247,19,7/31/2024,588,155,109,1.16
467,77,7/31/2024,834,70,206,1.04
830,21,7/31/2024,529,109,200,0.99
412,62,7/31/2024,928,91,205,1.22
823,73,7/31/2024,341,98,202,1.21
529,18,7/31/2024,771,330,90,0.93
467,79,7/31/2024,74,47,66,1.20
529,31,7/31/2024,281,132,51,0.94
247,10,7/31/2024,967,359,658,1.23
411,94,7/31/2024,784,847,440,0.81
830,12,7/31/2024,159,65,75,1.07
488,19,7/31/2024,690,344,231,0.98
412,79,7/31/2024,845,710,565,0.87
830,80,7/31/2024,202,127,53,0.90
411,96,7/31/2024,337,306,303,0.91
823,53,7/31/2024,167,73,114,1.04
830,69,7/31/2024,294,104,90,1.01
467,17,7/31/2024,419,60,1,0.75
370,86,7/31/2024,298,56,62,0.78
529,13,7/31/2024,508,340,499,1.15
467,74,7/31/2024,378,235,177,0.79
352,21,7/31/2024,719,324,5,0.83
370,22,7/31/2024,164,100,25,0.78
411,36,7/31/2024,697,729,555,1.00
830,62,7/31/2024,137,42,55,0.87
467,10,7/31/2024,534,145,79,0.89
488,69,7/31/2024,229,69,113,1.13
411,91,7/31/2024,274,123,92,0.97
247,49,7/31/2024,849,370,48,0.87
488,58,7/31/2024,889,719,518,0.97
467,67,7/31/2024,160,97,153,1.23
370,55,7/31/2024,417,318,144,0.84
823,50,7/31/2024,330,370,250,0.77
411,16,7/31/2024,344,126,26,0.79
529,21,7/31/2024,540,4,133,0.75
370,57,7/31/2024,264,106,163,1.02
830,55,7/31/2024,468,19,106,1.03
488,62,7/31/2024,292,78,125,0.99
247,42,7/31/2024,968,180,18,1.01
352,84,7/31/2024,325,205,106,0.76
411,31,7/31/2024,189,97,98,1.14
488,51,7/31/2024,275,156,47,0.86
488,64,7/31/2024,638,615,627,1.06
529,78,7/31/2024,48,3,17,0.85
529,12,7/31/2024,913,626,745,1.08
370,63,7/31/2024,827,553,706,1.14
529,56,7/31/2024,131,44,59,0.99
411,77,7/31/2024,383,44,20,0.94
467,51,7/31/2024,728,120,14,0.87
411,13,7/31/2024,48,27,41,1.07
488,33,7/31/2024,378,195,327,1.21
830,39,7/31/2024,63,49,43,0.92
488,46,7/31/2024,758,737,632,0.80
247,39,7/31/2024,122,30,32,0.80
467,42,7/31/2024,737,36,17,0.79
411,15,7/31/2024,632,625,597,0.90
823,38,7/31/2024,287,127,127,0.96
823,93,7/31/2024,818,343,490,1.11
529,51,7/31/2024,64,4,3,0.93
830,56,7/31/2024,123,50,10,0.77
823,82,7/31/2024,831,257,357,0.92
823,29,7/31/2024,255,119,79,1.07
830,45,7/31/2024,445,246,40,0.76
488,94,7/31/2024,54,28,31,0.94
488,41,7/31/2024,1053,438,483,1.15
467,50,7/31/2024,803,140,167,0.90
830,36,7/31/2024,796,279,308,0.81
247,23,7/31/2024,834,472,589,1.14
830,38,7/31/2024,49,8,7,0.90
488,45,7/31/2024,608,169,5,0.82
412,92,7/31/2024,335,291,331,1.18
830,93,7/31/2024,542,206,206,0.83
247,80,7/31/2024,513,71,125,1.25
488,34,7/31/2024,417,56,156,1.00
247,93,7/31/2024,88,6,25,1.06
352,43,7/31/2024,323,179,237,1.12
488,89,7/31/2024,301,371,264,0.76
823,79,7/31/2024,497,74,172,1.22
467,85,7/31/2024,276,60,102,1.17
830,84,7/31/2024,561,409,515,1.01
488,91,7/31/2024,683,496,526,0.92
830,31,7/31/2024,547,208,285,1.22
529,39,7/31/2024,190,163,92,0.88
247,97,7/31/2024,713,389,526,0.99
352,47,7/31/2024,342,102,86,0.87
823,83,7/31/2024,817,13,13,1.04
412,19,7/31/2024,492,198,162,0.81
488,14,7/31/2024,504,270,311,1.10
467,89,7/31/2024,1066,603,544,1.08
411,49,7/31/2024,1008,360,360,1.19
823,72,7/31/2024,423,105,20,0.84
467,78,7/31/2024,6,2,1,0.82
370,37,7/31/2024,273,107,92,0.93
823,74,7/31/2024,298,268,221,0.83
352,51,7/31/2024,376,330,336,1.14
370,26,7/31/2024,764,7,231,1.23
488,18,7/31/2024,81,78,62,0.89
529,32,7/31/2024,102,22,35,1.24
488,73,7/31/2024,103,20,18,1.18
823,76,7/31/2024,575,148,26,0.76
370,28,7/31/2024,482,62,87,1.15
467,82,7/31/2024,538,511,315,0.80
830,26,7/31/2024,659,385,252,0.94
247,13,7/31/2024,603,143,238,1.08
467,16,7/31/2024,588,539,503,0.99
823,65,7/31/2024,337,145,130,1.15
247,26,6/30/2024,703,972,703,0.86
352,42,6/30/2024,856,743,425,0.89
830,81,6/30/2024,275,169,143,0.75
467,29,6/30/2024,1095,666,780,1.25
412,93,6/30/2024,828,2,136,1.05
370,96,6/30/2024,77,32,56,1.20
411,97,6/30/2024,113,0,2,0.80
488,88,6/30/2024,1180,683,1128,1.22
529,89,6/30/2024,552,393,225,0.85
823,78,6/30/2024,174,155,150,0.97
830,94,6/30/2024,862,642,650,1.06
370,17,6/30/2024,99,0,15,1.01
247,70,6/30/2024,964,563,901,1.20
830,30,6/30/2024,220,147,142,0.91
412,71,6/30/2024,42,37,22,0.81
823,56,6/30/2024,715,386,310,1.03
412,84,6/30/2024,698,476,227,0.76
352,46,6/30/2024,785,563,739,1.16
488,68,6/30/2024,19,9,11,0.90
247,19,6/30/2024,634,121,243,1.25
467,77,6/30/2024,698,55,161,0.87
830,21,6/30/2024,438,389,181,0.82
412,62,6/30/2024,814,183,198,1.07
823,73,6/30/2024,237,67,61,0.84
529,18,6/30/2024,1011,484,542,1.22
467,79,6/30/2024,55,5,6,0.89
529,31,6/30/2024,362,187,274,1.21
247,10,6/30/2024,668,602,633,0.85
411,94,6/30/2024,1191,42,371,1.23
830,12,6/30/2024,149,40,49,1.00
488,19,6/30/2024,803,767,690,1.14
412,79,6/30/2024,990,727,542,1.02
830,80,6/30/2024,276,44,103,1.23
411,96,6/30/2024,340,121,54,0.92
823,53,6/30/2024,126,106,61,0.78
830,69,6/30/2024,308,296,243,1.06
467,17,6/30/2024,480,44,17,0.86
370,86,6/30/2024,416,240,331,1.09
529,13,6/30/2024,349,220,211,0.79
467,74,6/30/2024,436,268,287,0.91
352,21,6/30/2024,1048,0,338,1.21
370,22,6/30/2024,239,89,162,1.14
411,36,6/30/2024,871,164,429,1.25
830,62,6/30/2024,124,55,33,0.79
467,10,6/30/2024,600,180,282,1.00
488,69,6/30/2024,185,9,7,0.91
411,91,6/30/2024,305,21,27,1.08
247,49,6/30/2024,1171,315,578,1.20
488,58,6/30/2024,1090,977,940,1.19
467,67,6/30/2024,104,34,27,0.80
370,55,6/30/2024,591,402,551,1.19
823,50,6/30/2024,450,356,381,1.05
411,16,6/30/2024,496,407,416,1.14
529,21,6/30/2024,677,662,497,0.94
370,57,6/30/2024,207,226,120,0.80
830,55,6/30/2024,381,83,33,0.84
488,62,6/30/2024,245,210,219,0.83
247,42,6/30/2024,1130,334,372,1.18
352,84,6/30/2024,424,429,344,0.99
411,31,6/30/2024,188,55,99,1.13
488,51,6/30/2024,384,192,246,1.20
488,64,6/30/2024,626,478,538,1.04
529,78,6/30/2024,68,46,46,1.22
529,12,6/30/2024,794,326,148,0.94
370,63,6/30/2024,674,216,100,0.93
529,56,6/30/2024,116,49,40,0.88
411,77,6/30/2024,407,259,340,1.00
467,51,6/30/2024,862,289,373,1.03
411,13,6/30/2024,34,32,15,0.75
488,33,6/30/2024,246,20,23,0.79
830,39,6/30/2024,69,32,39,1.00
488,46,6/30/2024,863,490,490,0.91
247,39,6/30/2024,120,92,71,0.79
467,42,6/30/2024,756,581,451,0.81
411,15,6/30/2024,660,439,250,0.94
823,38,6/30/2024,287,86,11,0.96
823,93,6/30/2024,671,64,2,0.91
529,51,6/30/2024,71,16,21,1.03
830,56,6/30/2024,163,36,34,1.02
823,82,6/30/2024,731,413,51,0.81
823,29,6/30/2024,295,35,92,1.24
830,45,6/30/2024,731,345,409,1.25
488,94,6/30/2024,51,19,1,0.90
488,41,6/30/2024,1008,813,868,1.10
467,50,6/30/2024,776,894,662,0.87
830,36,6/30/2024,767,801,526,0.78
247,23,6/30/2024,717,821,704,0.98
830,38,6/30/2024,50,27,15,0.93
488,45,6/30/2024,772,400,319,1.04
412,92,6/30/2024,295,178,246,1.04
830,93,6/30/2024,542,76,133,0.83
247,80,6/30/2024,459,126,138,1.12
488,34,6/30/2024,317,250,125,0.76
247,93,6/30/2024,69,86,63,0.83
352,43,6/30/2024,265,105,13,0.92
488,89,6/30/2024,408,317,392,1.03
823,79,6/30/2024,399,52,146,0.98
467,85,6/30/2024,234,14,59,0.99
830,84,6/30/2024,455,320,170,0.82
488,91,6/30/2024,653,151,173,0.88
830,31,6/30/2024,470,312,231,1.05
529,39,6/30/2024,261,50,140,1.21
247,97,6/30/2024,576,93,21,0.80
352,47,6/30/2024,358,234,266,0.91
823,83,6/30/2024,817,412,451,1.04
412,19,6/30/2024,528,532,417,0.87
488,14,6/30/2024,463,70,157,1.01
467,89,6/30/2024,1125,500,628,1.14
411,49,6/30/2024,1008,382,543,1.19
823,72,6/30/2024,508,266,251,1.01
467,78,6/30/2024,7,0,1,0.98
370,37,6/30/2024,288,97,141,0.98
823,74,6/30/2024,345,311,304,0.96
352,51,6/30/2024,370,31,45,1.12
370,26,6/30/2024,540,311,199,0.87
488,18,6/30/2024,97,62,64,1.07
529,32,6/30/2024,89,76,86,1.08
488,73,6/30/2024,105,47,80,1.21
823,76,6/30/2024,749,611,732,0.99
370,28,6/30/2024,457,220,300,1.09
467,82,6/30/2024,734,378,553,1.09
830,26,6/30/2024,792,285,460,1.13
247,13,6/30/2024,508,252,230,0.91
467,16,6/30/2024,624,180,269,1.05
823,65,6/30/2024,352,213,316,1.20
247,26,5/31/2024,972,512,487,1.19
352,42,5/31/2024,1174,677,937,1.22
830,81,5/31/2024,301,393,268,0.82
467,29,5/31/2024,981,487,741,1.12
412,93,5/31/2024,694,230,54,0.88
370,96,5/31/2024,53,45,42,0.83
411,97,5/31/2024,111,16,13,0.79
488,88,5/31/2024,735,751,645,0.76
529,89,5/31/2024,720,17,3,1.11
823,78,5/31/2024,179,34,13,1.00
830,94,5/31/2024,854,186,276,1.05
370,17,5/31/2024,114,13,48,1.16
247,70,5/31/2024,626,627,297,0.78
830,30,5/31/2024,225,21,60,0.93
412,71,5/31/2024,57,9,26,1.10
823,56,5/31/2024,791,421,629,1.14
412,84,5/31/2024,947,489,692,1.03
352,46,5/31/2024,609,181,140,0.90
488,68,5/31/2024,17,4,3,0.82
247,19,5/31/2024,512,204,184,1.01
467,77,5/31/2024,914,501,733,1.14
830,21,5/31/2024,646,270,339,1.21
412,62,5/31/2024,799,261,261,1.05
823,73,5/31/2024,243,110,40,0.86
529,18,5/31/2024,953,522,828,1.15
467,79,5/31/2024,66,31,38,1.07
529,31,5/31/2024,275,10,2,0.92
247,10,5/31/2024,637,682,415,0.81
411,94,5/31/2024,862,879,754,0.89
830,12,5/31/2024,140,76,45,0.94
488,19,5/31/2024,880,610,842,1.25
412,79,5/31/2024,1175,91,344,1.21
830,80,5/31/2024,217,100,86,0.97
411,96,5/31/2024,407,192,321,1.10
823,53,5/31/2024,171,67,66,1.06
830,69,5/31/2024,361,79,149,1.24
467,17,5/31/2024,541,162,273,0.97
370,86,5/31/2024,325,146,131,0.85
529,13,5/31/2024,358,156,152,0.81
467,74,5/31/2024,417,222,93,0.87
352,21,5/31/2024,710,36,96,0.82
370,22,5/31/2024,166,129,89,0.79
411,36,5/31/2024,606,251,28,0.87
830,62,5/31/2024,146,135,104,0.93
467,10,5/31/2024,498,73,107,0.83
488,69,5/31/2024,201,130,122,0.99
411,91,5/31/2024,299,192,268,1.06
247,49,5/31/2024,908,588,647,0.93
488,58,5/31/2024,1127,71,264,1.23
467,67,5/31/2024,111,120,101,0.85
370,55,5/31/2024,442,284,353,0.89
823,50,5/31/2024,425,34,17,0.99
411,16,5/31/2024,487,162,288,1.12
529,21,5/31/2024,842,345,546,1.17
370,57,5/31/2024,313,58,50,1.21
830,55,5/31/2024,431,263,231,0.95
488,62,5/31/2024,236,139,154,0.80
247,42,5/31/2024,1092,691,739,1.14
352,84,5/31/2024,509,462,457,1.19
411,31,5/31/2024,144,12,30,0.87
488,51,5/31/2024,330,130,73,1.03
488,64,5/31/2024,566,88,10,0.94
529,78,5/31/2024,68,28,41,1.21
529,12,5/31/2024,972,170,381,1.15
370,63,5/31/2024,790,759,679,1.09
529,56,5/31/2024,125,77,73,0.95
411,77,5/31/2024,326,22,43,0.80
467,51,5/31/2024,778,318,410,0.93
411,13,5/31/2024,51,11,12,1.13
488,33,5/31/2024,243,15,82,0.78
830,39,5/31/2024,62,79,61,0.90
488,46,5/31/2024,863,817,694,0.91
247,39,5/31/2024,141,96,47,0.93
467,42,5/31/2024,886,198,319,0.95
411,15,5/31/2024,849,701,757,1.21
823,38,5/31/2024,362,191,248,1.21
823,93,5/31/2024,737,15,81,1.00
529,51,5/31/2024,66,20,15,0.95
830,56,5/31/2024,165,25,51,1.03
823,82,5/31/2024,1093,650,696,1.21
823,29,5/31/2024,238,131,131,1.00
830,45,5/31/2024,667,116,157,1.14
488,94,5/31/2024,71,55,56,1.24
488,41,5/31/2024,953,433,562,1.04
467,50,5/31/2024,1008,931,824,1.13
830,36,5/31/2024,1042,474,651,1.06
247,23,5/31/2024,834,659,695,1.14
830,38,5/31/2024,62,57,56,1.14
488,45,5/31/2024,853,451,466,1.15
412,92,5/31/2024,227,138,61,0.80
830,93,5/31/2024,751,578,572,1.15
247,80,5/31/2024,447,334,379,1.09
488,34,5/31/2024,442,96,33,1.06
247,93,5/31/2024,92,96,90,1.11
352,43,5/31/2024,357,111,200,1.24
488,89,5/31/2024,333,287,315,0.84
823,79,5/31/2024,305,223,125,0.75
467,85,5/31/2024,189,80,85,0.80
830,84,5/31/2024,605,80,224,1.09
488,91,5/31/2024,631,239,180,0.85
830,31,5/31/2024,551,53,196,1.23
529,39,5/31/2024,171,195,139,0.79
247,97,5/31/2024,648,48,175,0.90
352,47,5/31/2024,326,29,136,0.83
823,83,5/31/2024,778,497,505,0.99
412,19,5/31/2024,643,168,344,1.06
488,14,5/31/2024,376,221,89,0.82
467,89,5/31/2024,997,377,565,1.01
411,49,5/31/2024,847,657,767,1.00
823,72,5/31/2024,523,459,419,1.04
467,78,5/31/2024,6,7,6,0.84
370,37,5/31/2024,244,20,35,0.83
823,74,5/31/2024,352,74,117,0.98
352,51,5/31/2024,356,6,24,1.08
370,26,5/31/2024,652,275,157,1.05
488,18,5/31/2024,95,19,40,1.04
529,32,5/31/2024,79,68,63,0.96
488,73,5/31/2024,72,40,40,0.83
823,76,5/31/2024,628,41,141,0.83
370,28,5/31/2024,377,138,16,0.90
467,82,5/31/2024,559,508,414,0.83
830,26,5/31/2024,617,66,129,0.88
247,13,5/31/2024,530,281,130,0.95
467,16,5/31/2024,535,31,117,0.90
823,65,5/31/2024,249,247,159,0.85
247,26,4/30/2024,997,324,390,1.22
352,42,4/30/2024,914,816,903,0.95
830,81,4/30/2024,426,182,307,1.16
467,29,4/30/2024,727,378,413,0.83
412,93,4/30/2024,978,414,469,1.24
370,96,4/30/2024,56,14,1,0.88
411,97,4/30/2024,114,63,13,0.81
488,88,4/30/2024,841,119,215,0.87
529,89,4/30/2024,740,428,500,1.14
823,78,4/30/2024,200,109,96,1.12
830,94,4/30/2024,764,710,653,0.94
370,17,4/30/2024,79,24,27,0.81
247,70,4/30/2024,956,297,346,1.19
830,30,4/30/2024,186,24,68,0.77
412,71,4/30/2024,40,26,10,0.76
823,56,4/30/2024,583,683,516,0.84
412,84,4/30/2024,744,921,700,0.81
352,46,4/30/2024,650,281,396,0.96
488,68,4/30/2024,18,8,7,0.85
247,19,4/30/2024,532,133,249,1.05
467,77,4/30/2024,682,760,576,0.85
830,21,4/30/2024,577,224,374,1.08
412,62,4/30/2024,799,345,276,1.05
823,73,4/30/2024,313,68,161,1.11
529,18,4/30/2024,647,468,361,0.78
467,79,4/30/2024,59,42,54,0.95
529,31,4/30/2024,287,192,189,0.96
247,10,4/30/2024,904,702,781,1.15
411,94,4/30/2024,987,705,860,1.02
830,12,4/30/2024,171,12,24,1.15
488,19,4/30/2024,648,452,572,0.92
412,79,4/30/2024,922,42,240,0.95
830,80,4/30/2024,231,93,147,1.03
411,96,4/30/2024,278,49,50,0.75
823,53,4/30/2024,172,15,49,1.07
830,69,4/30/2024,291,125,67,1.00
467,17,4/30/2024,430,134,0,0.77
370,86,4/30/2024,340,51,28,0.89
529,13,4/30/2024,362,111,66,0.82
467,74,4/30/2024,546,35,116,1.14
352,21,4/30/2024,650,667,468,0.75
370,22,4/30/2024,206,124,147,0.98
411,36,4/30/2024,829,257,514,1.19
830,62,4/30/2024,177,51,65,1.13
467,10,4/30/2024,678,155,377,1.13
488,69,4/30/2024,209,17,58,1.03
411,91,4/30/2024,223,333,215,0.79
247,49,4/30/2024,849,236,89,0.87
488,58,4/30/2024,934,1023,931,1.02
467,67,4/30/2024,130,46,67,1.00
370,55,4/30/2024,373,322,94,0.75
823,50,4/30/2024,442,364,411,1.03
411,16,4/30/2024,361,341,206,0.83
529,21,4/30/2024,641,703,588,0.89
370,57,4/30/2024,321,169,280,1.24
830,55,4/30/2024,463,140,203,1.02
488,62,4/30/2024,221,23,2,0.75
247,42,4/30/2024,1044,128,22,1.09
352,84,4/30/2024,514,9,22,1.20
411,31,4/30/2024,186,115,97,1.12
488,51,4/30/2024,387,253,326,1.21
488,64,4/30/2024,644,462,582,1.07
529,78,4/30/2024,55,21,14,0.98
529,12,4/30/2024,761,532,566,0.90
370,63,4/30/2024,870,26,345,1.20
529,56,4/30/2024,129,80,92,0.98
411,77,4/30/2024,391,301,318,0.96
467,51,4/30/2024,686,48,73,0.82
411,13,4/30/2024,50,28,40,1.10
488,33,4/30/2024,340,37,134,1.09
830,39,4/30/2024,80,3,9,1.16
488,46,4/30/2024,986,884,761,1.04
247,39,4/30/2024,190,42,75,1.25
467,42,4/30/2024,765,364,392,0.82
411,15,4/30/2024,793,229,243,1.13
823,38,4/30/2024,305,76,127,1.02
823,93,4/30/2024,671,525,378,0.91
529,51,4/30/2024,71,35,51,1.03
830,56,4/30/2024,139,14,4,0.87
823,82,4/30/2024,1047,80,7,1.16
823,29,4/30/2024,238,106,154,1.00
830,45,4/30/2024,626,475,411,1.07
488,94,4/30/2024,70,60,70,1.23
488,41,4/30/2024,824,1060,794,0.90
467,50,4/30/2024,1115,269,590,1.25
830,36,4/30/2024,865,616,478,0.88
247,23,4/30/2024,798,79,138,1.09
830,38,4/30/2024,63,62,59,1.16
488,45,4/30/2024,838,569,836,1.13
412,92,4/30/2024,304,155,147,1.07
830,93,4/30/2024,757,358,527,1.16
247,80,4/30/2024,402,269,286,0.98
488,34,4/30/2024,505,128,229,1.21
247,93,4/30/2024,98,45,65,1.18
352,43,4/30/2024,268,266,211,0.93
488,89,4/30/2024,305,44,91,0.77
823,79,4/30/2024,403,283,271,0.99
467,85,4/30/2024,184,63,48,0.78
830,84,4/30/2024,461,286,136,0.83
488,91,4/30/2024,690,792,673,0.93
830,31,4/30/2024,408,348,218,0.91
529,39,4/30/2024,227,135,200,1.05
247,97,4/30/2024,871,83,400,1.21
352,47,4/30/2024,491,93,230,1.25
823,83,4/30/2024,770,270,395,0.98
412,19,4/30/2024,467,134,73,0.77
488,14,4/30/2024,508,35,177,1.11
467,89,4/30/2024,809,401,253,0.82
411,49,4/30/2024,737,18,109,0.87
823,72,4/30/2024,563,93,264,1.12
467,78,4/30/2024,7,5,4,1.01
370,37,4/30/2024,229,95,83,0.78
823,74,4/30/2024,309,174,178,0.86
352,51,4/30/2024,386,249,242,1.17
370,26,4/30/2024,770,91,290,1.24
488,18,4/30/2024,74,66,50,0.81
529,32,4/30/2024,84,79,83,1.03
488,73,4/30/2024,72,38,32,0.83
823,76,4/30/2024,810,67,75,1.07
370,28,4/30/2024,499,99,196,1.19
467,82,4/30/2024,653,24,31,0.97
830,26,4/30/2024,554,253,78,0.79
247,13,4/30/2024,681,9,76,1.22
467,16,4/30/2024,683,354,437,1.15
823,65,4/30/2024,337,101,104,1.15
247,26,3/31/2024,931,374,325,1.14
352,42,3/31/2024,827,452,529,0.86
830,81,3/31/2024,301,258,280,0.82
467,29,3/31/2024,692,702,614,0.79
412,93,3/31/2024,923,736,838,1.17
370,96,3/31/2024,71,12,27,1.11
411,97,3/31/2024,164,37,47,1.16
488,88,3/31/2024,745,161,36,0.77
529,89,3/31/2024,668,204,74,1.03
823,78,3/31/2024,213,55,109,1.19
830,94,3/31/2024,821,903,732,1.01
370,17,3/31/2024,76,4,20,0.78
247,70,3/31/2024,907,192,119,1.13
830,30,3/31/2024,278,17,29,1.15
412,71,3/31/2024,56,31,28,1.07
823,56,3/31/2024,750,298,486,1.08
412,84,3/31/2024,965,523,431,1.05
352,46,3/31/2024,535,23,234,0.79
488,68,3/31/2024,19,0,0,0.91
247,19,3/31/2024,416,66,56,0.82
467,77,3/31/2024,866,643,547,1.08
830,21,3/31/2024,427,112,80,0.80
412,62,3/31/2024,868,473,519,1.14
823,73,3/31/2024,220,67,37,0.78
529,18,3/31/2024,754,375,458,0.91
467,79,3/31/2024,47,15,6,0.76
529,31,3/31/2024,290,82,4,0.97
247,10,3/31/2024,825,680,805,1.05
411,94,3/31/2024,832,648,628,0.86
830,12,3/31/2024,159,10,29,1.07
488,19,3/31/2024,528,363,293,0.75
412,79,3/31/2024,1204,392,809,1.24
830,80,3/31/2024,177,8,66,0.79
411,96,3/31/2024,377,110,132,1.02
823,53,3/31/2024,138,87,78,0.86
830,69,3/31/2024,349,195,323,1.20
467,17,3/31/2024,564,177,55,1.01
370,86,3/31/2024,363,33,60,0.95
529,13,3/31/2024,407,67,50,0.92
467,74,3/31/2024,465,214,195,0.97
352,21,3/31/2024,849,246,142,0.98
370,22,3/31/2024,183,145,154,0.87
411,36,3/31/2024,572,197,51,0.82
830,62,3/31/2024,163,113,110,1.04
467,10,3/31/2024,456,361,307,0.76
488,69,3/31/2024,168,127,104,0.83
411,91,3/31/2024,341,126,174,1.21
247,49,3/31/2024,996,370,331,1.02
488,58,3/31/2024,1026,470,360,1.12
467,67,3/31/2024,109,91,99,0.84
370,55,3/31/2024,601,16,60,1.21
823,50,3/31/2024,395,399,369,0.92
411,16,3/31/2024,496,202,202,1.14
529,21,3/31/2024,756,292,350,1.05
370,57,3/31/2024,210,142,85,0.81
830,55,3/31/2024,400,405,396,0.88
488,62,3/31/2024,242,328,213,0.82
247,42,3/31/2024,1150,443,510,1.20
352,84,3/31/2024,501,299,436,1.17
411,31,3/31/2024,204,27,83,1.23
488,51,3/31/2024,314,152,220,0.98
488,64,3/31/2024,524,193,217,0.87
529,78,3/31/2024,62,14,30,1.10
529,12,3/31/2024,727,817,682,0.86
370,63,3/31/2024,551,99,162,0.76
529,56,3/31/2024,117,101,93,0.89
411,77,3/31/2024,374,356,343,0.92
467,51,3/31/2024,661,674,423,0.79
411,13,3/31/2024,38,7,2,0.85
488,33,3/31/2024,243,226,179,0.78
830,39,3/31/2024,74,41,43,1.07
488,46,3/31/2024,1109,958,1043,1.17
247,39,3/31/2024,157,145,124,1.03
467,42,3/31/2024,737,100,320,0.79
411,15,3/31/2024,779,320,439,1.11
823,38,3/31/2024,254,212,191,0.85
823,93,3/31/2024,818,547,694,1.11
529,51,3/31/2024,55,50,44,0.80
830,56,3/31/2024,149,161,126,0.93
823,82,3/31/2024,1120,206,269,1.24
823,29,3/31/2024,190,237,179,0.80
830,45,3/31/2024,690,508,519,1.18
488,94,3/31/2024,60,11,18,1.05
488,41,3/31/2024,1090,715,697,1.19
467,50,3/31/2024,794,537,225,0.89
830,36,3/31/2024,1003,70,267,1.02
247,23,3/31/2024,739,451,502,1.01
830,38,3/31/2024,66,13,18,1.23
488,45,3/31/2024,571,592,347,0.77
412,92,3/31/2024,312,146,137,1.10
830,93,3/31/2024,588,196,281,0.90
247,80,3/31/2024,385,233,192,0.94
488,34,3/31/2024,404,178,169,0.97
247,93,3/31/2024,78,67,45,0.94
352,43,3/31/2024,323,212,244,1.12
488,89,3/31/2024,440,201,229,1.11
823,79,3/31/2024,415,42,111,1.02
467,85,3/31/2024,295,67,138,1.25
830,84,3/31/2024,611,67,251,1.10
488,91,3/31/2024,809,485,366,1.09
830,31,3/31/2024,538,225,418,1.20
529,39,3/31/2024,162,146,60,0.75
247,97,3/31/2024,554,113,161,0.77
352,47,3/31/2024,354,121,172,0.90
823,83,3/31/2024,645,463,401,0.82
412,19,3/31/2024,674,26,87,1.11
488,14,3/31/2024,366,213,126,0.80
467,89,3/31/2024,957,18,61,0.97
411,49,3/31/2024,864,324,333,1.02
823,72,3/31/2024,392,447,261,0.78
467,78,3/31/2024,8,0,3,1.21
370,37,3/31/2024,241,177,159,0.82
823,74,3/31/2024,305,54,90,0.85
352,51,3/31/2024,393,130,163,1.19
370,26,3/31/2024,571,208,9,0.92
488,18,3/31/2024,90,48,47,0.99
529,32,3/31/2024,80,85,65,0.98
488,73,3/31/2024,78,70,72,0.90
823,76,3/31/2024,802,119,141,1.06
370,28,3/31/2024,402,167,49,0.96
467,82,3/31/2024,646,12,79,0.96
830,26,3/31/2024,729,414,414,1.04
247,13,3/31/2024,614,617,539,1.10
467,16,3/31/2024,600,116,21,1.01
823,65,3/31/2024,334,243,334,1.14
247,26,2/29/2024,980,949,908,1.20
352,42,2/29/2024,750,470,306,0.78
830,81,2/29/2024,279,413,241,0.76
467,29,2/29/2024,780,753,631,0.89
412,93,2/29/2024,821,606,748,1.04
370,96,2/29/2024,56,32,11,0.87
411,97,2/29/2024,154,51,56,1.09
488,88,2/29/2024,870,525,428,0.90
529,89,2/29/2024,798,31,63,1.23
823,78,2/29/2024,159,83,104,0.89
830,94,2/29/2024,992,104,80,1.22
370,17,2/29/2024,100,34,12,1.02
247,70,2/29/2024,980,22,271,1.22
830,30,2/29/2024,266,100,85,1.10
412,71,2/29/2024,59,12,7,1.13
823,56,2/29/2024,562,64,75,0.81
412,84,2/29/2024,1057,858,886,1.15
352,46,2/29/2024,792,314,456,1.17
488,68,2/29/2024,19,21,18,0.92
247,19,2/29/2024,426,186,49,0.84
467,77,2/29/2024,962,835,915,1.20
830,21,2/29/2024,619,387,392,1.16
412,62,2/29/2024,822,330,421,1.08
823,73,2/29/2024,324,178,195,1.15
529,18,2/29/2024,671,296,163,0.81
467,79,2/29/2024,68,14,21,1.09
529,31,2/29/2024,368,110,212,1.23
247,10,2/29/2024,700,683,416,0.89
411,94,2/29/2024,852,221,347,0.88
830,12,2/29/2024,140,28,26,0.94
488,19,2/29/2024,598,680,405,0.85
412,79,2/29/2024,787,171,207,0.81
830,80,2/29/2024,251,201,212,1.12
411,96,2/29/2024,355,358,347,0.96
823,53,2/29/2024,147,42,9,0.91
830,69,2/29/2024,221,123,44,0.76
467,17,2/29/2024,686,102,152,1.23
370,86,2/29/2024,336,208,242,0.88
529,13,2/29/2024,424,255,135,0.96
467,74,2/29/2024,484,106,10,1.01
352,21,2/29/2024,953,30,56,1.10
370,22,2/29/2024,174,68,68,0.83
411,36,2/29/2024,718,203,301,1.03
830,62,2/29/2024,166,53,42,1.06
467,10,2/29/2024,510,443,449,0.85
488,69,2/29/2024,191,35,62,0.94
411,91,2/29/2024,293,253,267,1.04
247,49,2/29/2024,1035,278,298,1.06
488,58,2/29/2024,1136,339,715,1.24
467,67,2/29/2024,101,12,9,0.78
370,55,2/29/2024,557,319,339,1.12
823,50,2/29/2024,425,205,162,0.99
411,16,2/29/2024,496,362,466,1.14
529,21,2/29/2024,698,524,423,0.97
370,57,2/29/2024,267,153,174,1.03
830,55,2/29/2024,409,171,144,0.90
488,62,2/29/2024,357,80,74,1.21
247,42,2/29/2024,1083,416,685,1.13
352,84,2/29/2024,364,33,8,0.85
411,31,2/29/2024,148,46,69,0.89
488,51,2/29/2024,246,60,14,0.77
488,64,2/29/2024,500,498,360,0.83
529,78,2/29/2024,46,8,1,0.82
529,12,2/29/2024,862,31,56,1.02
370,63,2/29/2024,812,555,714,1.12
529,56,2/29/2024,125,126,123,0.95
411,77,2/29/2024,387,222,121,0.95
467,51,2/29/2024,912,338,287,1.09
411,13,2/29/2024,43,33,31,0.96
488,33,2/29/2024,290,178,178,0.93
830,39,2/29/2024,72,57,68,1.05
488,46,2/29/2024,1024,660,527,1.08
247,39,2/29/2024,178,85,131,1.17
467,42,2/29/2024,1157,694,1095,1.24
411,15,2/29/2024,660,299,383,0.94
823,38,2/29/2024,275,145,79,0.92
823,93,2/29/2024,671,33,158,0.91
529,51,2/29/2024,61,50,47,0.89
830,56,2/29/2024,184,139,169,1.15
823,82,2/29/2024,1057,268,377,1.17
823,29,2/29/2024,248,146,196,1.04
830,45,2/29/2024,679,488,529,1.16
488,94,2/29/2024,53,22,32,0.93
488,41,2/29/2024,1108,778,833,1.21
467,50,2/29/2024,1106,80,374,1.24
830,36,2/29/2024,806,640,375,0.82
247,23,2/29/2024,688,17,56,0.94
830,38,2/29/2024,61,22,42,1.13
488,45,2/29/2024,816,587,609,1.10
412,92,2/29/2024,321,64,110,1.13
830,93,2/29/2024,503,139,11,0.77
247,80,2/29/2024,426,53,3,1.04
488,34,2/29/2024,413,211,149,0.99
247,93,2/29/2024,100,67,72,1.20
352,43,2/29/2024,291,4,10,1.01
488,89,2/29/2024,412,380,341,1.04
823,79,2/29/2024,346,211,97,0.85
467,85,2/29/2024,224,7,37,0.95
830,84,2/29/2024,427,37,26,0.77
488,91,2/29/2024,928,626,886,1.25
830,31,2/29/2024,345,0,175,0.77
529,39,2/29/2024,248,49,131,1.15
247,97,2/29/2024,828,522,767,1.15
352,47,2/29/2024,303,190,128,0.77
823,83,2/29/2024,707,136,128,0.90
412,19,2/29/2024,613,62,153,1.01
488,14,2/29/2024,453,358,431,0.99
467,89,2/29/2024,1036,980,930,1.05
411,49,2/29/2024,855,546,495,1.01
823,72,2/29/2024,578,248,217,1.15
467,78,2/29/2024,5,3,2,0.76
370,37,2/29/2024,259,214,135,0.88
823,74,2/29/2024,269,196,192,0.75
352,51,2/29/2024,360,256,322,1.09
370,26,2/29/2024,770,346,365,1.24
488,18,2/29/2024,91,51,74,1.00
529,32,2/29/2024,100,41,43,1.22
488,73,2/29/2024,76,60,68,0.87
823,76,2/29/2024,780,500,447,1.03
370,28,2/29/2024,520,231,319,1.24
467,82,2/29/2024,579,426,298,0.86
830,26,2/29/2024,729,39,25,1.04
247,13,2/29/2024,692,260,517,1.24
467,16,2/29/2024,695,270,377,1.17
823,65,2/29/2024,243,302,223,0.83
247,26,1/31/2024,1021,285,571,1.25
352,42,1/31/2024,914,260,241,0.95
830,81,1/31/2024,451,182,222,1.23
467,29,1/31/2024,902,517,394,1.03
412,93,1/31/2024,679,527,314,0.86
370,96,1/31/2024,77,60,65,1.20
411,97,1/31/2024,149,34,73,1.06
488,88,1/31/2024,967,1131,947,1.00
529,89,1/31/2024,766,146,120,1.18
823,78,1/31/2024,138,20,4,0.77
830,94,1/31/2024,1016,265,427,1.25
370,17,1/31/2024,122,113,119,1.24
247,70,1/31/2024,731,119,184,0.91
830,30,1/31/2024,281,41,63,1.16
412,71,1/31/2024,64,1,25,1.23
823,56,1/31/2024,701,137,130,1.01
412,84,1/31/2024,1029,664,655,1.12
352,46,1/31/2024,650,572,565,0.96
488,68,1/31/2024,22,9,9,1.07
247,19,1/31/2024,563,554,514,1.11
467,77,1/31/2024,882,519,463,1.10
830,21,1/31/2024,614,210,231,1.15
412,62,1/31/2024,731,186,217,0.96
823,73,1/31/2024,307,256,295,1.09
529,18,1/31/2024,804,332,448,0.97
467,79,1/31/2024,61,11,19,0.99
529,31,1/31/2024,266,234,222,0.89
247,10,1/31/2024,967,305,345,1.23
411,94,1/31/2024,726,578,568,0.75
830,12,1/31/2024,142,12,15,0.95
488,19,1/31/2024,873,270,312,1.24
412,79,1/31/2024,1165,828,964,1.20
830,80,1/31/2024,240,25,86,1.07
411,96,1/31/2024,366,255,214,0.99
823,53,1/31/2024,198,155,178,1.23
830,69,1/31/2024,300,130,101,1.03
467,17,1/31/2024,636,220,382,1.14
370,86,1/31/2024,302,192,154,0.79
529,13,1/31/2024,544,71,257,1.23
467,74,1/31/2024,580,557,548,1.21
352,21,1/31/2024,1039,794,802,1.20
370,22,1/31/2024,174,190,129,0.83
411,36,1/31/2024,620,730,597,0.89
830,62,1/31/2024,177,71,100,1.13
467,10,1/31/2024,504,257,197,0.84
488,69,1/31/2024,164,125,76,0.81
411,91,1/31/2024,279,213,255,0.99
247,49,1/31/2024,1015,19,147,1.04
488,58,1/31/2024,760,678,696,0.83
467,67,1/31/2024,122,28,42,0.94
370,55,1/31/2024,537,135,220,1.08
823,50,1/31/2024,468,24,31,1.09
411,16,1/31/2024,392,189,159,0.90
529,21,1/31/2024,799,202,187,1.11
370,57,1/31/2024,246,46,69,0.95
830,55,1/31/2024,436,399,322,0.96
488,62,1/31/2024,363,202,205,1.23
247,42,1/31/2024,814,53,216,0.85
352,84,1/31/2024,389,181,103,0.91
411,31,1/31/2024,125,119,98,0.75
488,51,1/31/2024,320,33,28,1.00
488,64,1/31/2024,638,186,294,1.06
529,78,1/31/2024,53,32,37,0.95
529,12,1/31/2024,837,40,154,0.99
370,63,1/31/2024,653,59,45,0.90
529,56,1/31/2024,128,3,14,0.97
411,77,1/31/2024,488,330,362,1.20
467,51,1/31/2024,963,132,199,1.15
411,13,1/31/2024,45,1,4,1.01
488,33,1/31/2024,290,177,83,0.93
830,39,1/31/2024,61,6,5,0.88
488,46,1/31/2024,1157,722,741,1.22
247,39,1/31/2024,132,108,112,0.87
467,42,1/31/2024,756,764,354,0.81
411,15,1/31/2024,576,179,172,0.82
823,38,1/31/2024,341,99,78,1.14
823,93,1/31/2024,862,173,143,1.17
529,51,1/31/2024,64,73,54,0.93
830,56,1/31/2024,154,100,94,0.96
823,82,1/31/2024,948,694,829,1.05
823,29,1/31/2024,198,62,53,0.83
830,45,1/31/2024,638,253,277,1.09
488,94,1/31/2024,43,1,16,0.76
488,41,1/31/2024,1053,868,959,1.15
467,50,1/31/2024,812,307,316,0.91
830,36,1/31/2024,1071,373,638,1.09
247,23,1/31/2024,761,632,712,1.04
830,38,1/31/2024,41,44,25,0.75
488,45,1/31/2024,794,211,337,1.07
412,92,1/31/2024,275,69,71,0.97
830,93,1/31/2024,653,721,630,1.00
247,80,1/31/2024,476,27,150,1.16
488,34,1/31/2024,475,506,464,1.14
247,93,1/31/2024,95,50,41,1.14
352,43,1/31/2024,285,133,78,0.99
488,89,1/31/2024,451,166,257,1.14
823,79,1/31/2024,460,127,188,1.13
467,85,1/31/2024,194,97,112,0.82
830,84,1/31/2024,438,477,366,0.79
488,91,1/31/2024,668,662,440,0.90
830,31,1/31/2024,520,469,487,1.16
529,39,1/31/2024,166,119,32,0.77
247,97,1/31/2024,583,418,310,0.81
352,47,1/31/2024,365,277,296,0.93
823,83,1/31/2024,715,660,707,0.91
412,19,1/31/2024,522,101,65,0.86
488,14,1/31/2024,380,83,78,0.83
467,89,1/31/2024,1086,509,697,1.10
411,49,1/31/2024,906,378,335,1.07
823,72,1/31/2024,609,326,487,1.21
467,78,1/31/2024,6,6,5,0.87
370,37,1/31/2024,338,245,239,1.15
823,74,1/31/2024,273,164,139,0.76
352,51,1/31/2024,294,32,44,0.89
370,26,1/31/2024,751,516,584,1.21
488,18,1/31/2024,68,43,33,0.75
529,32,1/31/2024,98,23,43,1.20
488,73,1/31/2024,68,28,13,0.78
823,76,1/31/2024,833,574,817,1.10
370,28,1/31/2024,432,297,243,1.03
467,82,1/31/2024,707,778,657,1.05
830,26,1/31/2024,743,462,623,1.06
247,13,1/31/2024,435,225,15,0.78
467,16,1/31/2024,588,108,250,0.99
823,65,1/31/2024,322,105,149,1.10
247,26,12/31/2023,735,435,345,0.90
352,42,12/31/2023,933,281,348,0.97
830,81,12/31/2023,411,166,232,1.12
467,29,12/31/2023,1025,102,216,1.17
412,93,12/31/2023,892,616,522,1.13
370,96,12/31/2023,72,8,28,1.12
411,97,12/31/2023,110,97,45,0.78
488,88,12/31/2023,1151,1026,1065,1.19
529,89,12/31/2023,792,66,235,1.22
823,78,12/31/2023,154,83,47,0.86
830,94,12/31/2023,854,59,263,1.05
370,17,12/31/2023,116,70,104,1.18
247,70,12/31/2023,666,270,173,0.83
830,30,12/31/2023,259,7,3,1.07
412,71,12/31/2023,40,15,9,0.76
823,56,12/31/2023,708,310,303,1.02
412,84,12/31/2023,1038,739,968,1.13
352,46,12/31/2023,657,700,578,0.97
488,68,12/31/2023,22,21,22,1.04
247,19,12/31/2023,603,134,331,1.19
467,77,12/31/2023,938,599,935,1.17
830,21,12/31/2023,593,102,49,1.11
412,62,12/31/2023,700,498,399,0.92
823,73,12/31/2023,268,141,82,0.95
529,18,12/31/2023,688,119,113,0.83
467,79,12/31/2023,53,69,50,0.85
529,31,12/31/2023,278,237,201,0.93
247,10,12/31/2023,927,158,102,1.18
411,94,12/31/2023,736,604,401,0.76
830,12,12/31/2023,139,100,69,0.93
488,19,12/31/2023,831,440,736,1.18
412,79,12/31/2023,1029,25,5,1.06
830,80,12/31/2023,179,137,83,0.80
411,96,12/31/2023,407,301,301,1.10
823,53,12/31/2023,175,36,61,1.09
830,69,12/31/2023,329,277,280,1.13
467,17,12/31/2023,474,342,381,0.85
370,86,12/31/2023,340,86,120,0.89
529,13,12/31/2023,358,211,21,0.81
467,74,12/31/2023,589,412,488,1.23
352,21,12/31/2023,1031,602,819,1.19
370,22,12/31/2023,235,179,219,1.12
411,36,12/31/2023,753,217,273,1.08
830,62,12/31/2023,148,74,73,0.94
467,10,12/31/2023,564,88,124,0.94
488,69,12/31/2023,213,98,157,1.05
411,91,12/31/2023,237,150,91,0.84
247,49,12/31/2023,1181,645,830,1.21
488,58,12/31/2023,742,218,112,0.81
467,67,12/31/2023,108,13,8,0.83
370,55,12/31/2023,452,242,182,0.91
823,50,12/31/2023,523,291,278,1.22
411,16,12/31/2023,422,234,269,0.97
529,21,12/31/2023,814,423,560,1.13
370,57,12/31/2023,223,231,135,0.86
830,55,12/31/2023,513,277,436,1.13
488,62,12/31/2023,360,104,107,1.22
247,42,12/31/2023,1083,638,820,1.13
352,84,12/31/2023,467,8,137,1.09
411,31,12/31/2023,146,26,14,0.88
488,51,12/31/2023,381,60,198,1.19
488,64,12/31/2023,530,395,461,0.88
529,78,12/31/2023,48,19,9,0.86
529,12,12/31/2023,1031,1015,1015,1.22
370,63,12/31/2023,667,329,300,0.92
529,56,12/31/2023,145,49,83,1.10
411,77,12/31/2023,456,156,229,1.12
467,51,12/31/2023,896,34,60,1.07
411,13,12/31/2023,50,14,13,1.11
488,33,12/31/2023,384,147,260,1.23
830,39,12/31/2023,72,44,53,1.05
488,46,12/31/2023,1138,364,706,1.20
247,39,12/31/2023,128,139,86,0.84
467,42,12/31/2023,1166,173,201,1.25
411,15,12/31/2023,583,158,88,0.83
823,38,12/31/2023,362,243,342,1.21
823,93,12/31/2023,892,823,801,1.21
529,51,12/31/2023,83,60,67,1.20
830,56,12/31/2023,160,48,34,1.00
823,82,12/31/2023,813,152,35,0.90
823,29,12/31/2023,207,37,51,0.87
830,45,12/31/2023,614,76,46,1.05
488,94,12/31/2023,60,23,17,1.06
488,41,12/31/2023,962,492,401,1.05
467,50,12/31/2023,803,7,25,0.90
830,36,12/31/2023,806,76,46,0.82
247,23,12/31/2023,681,193,83,0.93
830,38,12/31/2023,60,32,34,1.11
488,45,12/31/2023,668,540,310,0.90
412,92,12/31/2023,273,115,124,0.96
830,93,12/31/2023,744,230,308,1.14
247,80,12/31/2023,353,328,259,0.86
488,34,12/31/2023,517,371,446,1.24
247,93,12/31/2023,104,90,94,1.25
352,43,12/31/2023,340,46,78,1.18
488,89,12/31/2023,360,349,333,0.91
823,79,12/31/2023,399,43,104,0.98
467,85,12/31/2023,179,88,9,0.76
830,84,12/31/2023,549,264,391,0.99
488,91,12/31/2023,890,60,327,1.20
830,31,12/31/2023,502,429,398,1.12
529,39,12/31/2023,253,54,37,1.17
247,97,12/31/2023,691,423,488,0.96
352,47,12/31/2023,346,289,222,0.88
823,83,12/31/2023,668,862,555,0.85
412,19,12/31/2023,558,183,92,0.92
488,14,12/31/2023,385,344,317,0.84
467,89,12/31/2023,898,20,49,0.91
411,49,12/31/2023,949,798,841,1.12
823,72,12/31/2023,448,272,142,0.89
467,78,12/31/2023,7,2,2,1.05
370,37,12/31/2023,344,130,195,1.17
823,74,12/31/2023,298,149,110,0.83
352,51,12/31/2023,370,122,188,1.12
370,26,12/31/2023,683,299,485,1.10
488,18,12/31/2023,78,66,66,0.86
529,32,12/31/2023,78,21,15,0.95
488,73,12/31/2023,83,7,15,0.95
823,76,12/31/2023,590,111,64,0.78
370,28,12/31/2023,486,178,258,1.16
467,82,12/31/2023,828,222,438,1.23
830,26,12/31/2023,582,489,244,0.83
247,13,12/31/2023,675,139,262,1.21
467,16,12/31/2023,446,118,118,0.75
823,65,12/31/2023,278,67,114,0.95
247,26,11/30/2023,825,192,225,1.01
352,42,11/30/2023,866,672,364,0.90
830,81,11/30/2023,345,286,202,0.94
467,29,11/30/2023,911,487,540,1.04
412,93,11/30/2023,986,768,902,1.25
370,96,11/30/2023,52,34,9,0.81
411,97,11/30/2023,162,19,33,1.15
488,88,11/30/2023,1112,709,738,1.15
529,89,11/30/2023,623,233,239,0.96
823,78,11/30/2023,190,84,52,1.06
830,94,11/30/2023,650,45,77,0.80
370,17,11/30/2023,82,76,38,0.84
247,70,11/30/2023,763,899,755,0.95
830,30,11/30/2023,269,159,244,1.11
412,71,11/30/2023,46,30,29,0.89
823,56,11/30/2023,715,671,678,1.03
412,84,11/30/2023,809,461,314,0.88
352,46,11/30/2023,779,54,305,1.15
488,68,11/30/2023,21,0,4,1.01
247,19,11/30/2023,406,279,188,0.80
467,77,11/30/2023,602,149,163,0.75
830,21,11/30/2023,646,47,287,1.21
412,62,11/30/2023,799,114,23,1.05
823,73,11/30/2023,327,165,179,1.16
529,18,11/30/2023,920,132,198,1.11
467,79,11/30/2023,72,20,20,1.16
529,31,11/30/2023,314,118,61,1.05
247,10,11/30/2023,983,616,939,1.25
411,94,11/30/2023,939,332,206,0.97
830,12,11/30/2023,170,43,28,1.14
488,19,11/30/2023,535,609,356,0.76
412,79,11/30/2023,1049,27,348,1.08
830,80,11/30/2023,233,48,8,1.04
411,96,11/30/2023,407,57,172,1.10
823,53,11/30/2023,150,130,79,0.93
830,69,11/30/2023,326,103,74,1.12
467,17,11/30/2023,435,561,332,0.78
370,86,11/30/2023,306,126,100,0.80
529,13,11/30/2023,548,317,436,1.24
467,74,11/30/2023,513,502,469,1.07
352,21,11/30/2023,814,456,439,0.94
370,22,11/30/2023,195,15,8,0.93
411,36,11/30/2023,697,70,56,1.00
830,62,11/30/2023,149,15,38,0.95
467,10,11/30/2023,528,469,391,0.88
488,69,11/30/2023,154,74,21,0.76
411,91,11/30/2023,296,36,9,1.05
247,49,11/30/2023,996,159,316,1.02
488,58,11/30/2023,1072,104,168,1.17
467,67,11/30/2023,113,129,112,0.87
370,55,11/30/2023,512,329,438,1.03
823,50,11/30/2023,536,325,389,1.25
411,16,11/30/2023,387,134,90,0.89
529,21,11/30/2023,677,157,150,0.94
370,57,11/30/2023,319,266,295,1.23
830,55,11/30/2023,354,16,16,0.78
488,62,11/30/2023,357,122,190,1.21
247,42,11/30/2023,901,30,37,0.94
352,84,11/30/2023,338,305,228,0.79
411,31,11/30/2023,158,61,58,0.95
488,51,11/30/2023,243,219,168,0.76
488,64,11/30/2023,464,485,239,0.77
529,78,11/30/2023,58,48,58,1.04
529,12,11/30/2023,1031,536,815,1.22
370,63,11/30/2023,696,321,277,0.96
529,56,11/30/2023,111,41,52,0.84
411,77,11/30/2023,383,57,40,0.94
467,51,11/30/2023,870,731,588,1.04
411,13,11/30/2023,51,36,51,1.14
488,33,11/30/2023,271,304,216,0.87
830,39,11/30/2023,63,60,51,0.91
488,46,11/30/2023,796,1146,776,0.84
247,39,11/30/2023,181,70,94,1.19
467,42,11/30/2023,1138,619,749,1.22
411,15,11/30/2023,653,764,603,0.93
823,38,11/30/2023,263,224,167,0.88
823,93,11/30/2023,914,609,771,1.24
529,51,11/30/2023,76,45,56,1.10
830,56,11/30/2023,174,121,135,1.09
823,82,11/30/2023,930,30,265,1.03
823,29,11/30/2023,193,224,174,0.81
830,45,11/30/2023,644,137,260,1.10
488,94,11/30/2023,66,43,65,1.16
488,41,11/30/2023,1053,63,255,1.15
467,50,11/30/2023,785,488,568,0.88
830,36,11/30/2023,836,509,559,0.85
247,23,11/30/2023,791,47,165,1.08
830,38,11/30/2023,58,20,28,1.07
488,45,11/30/2023,898,605,895,1.21
412,92,11/30/2023,264,110,53,0.93
830,93,11/30/2023,666,757,613,1.02
247,80,11/30/2023,422,137,67,1.03
488,34,11/30/2023,442,37,24,1.06
247,93,11/30/2023,100,55,93,1.20
352,43,11/30/2023,308,152,146,1.07
488,89,11/30/2023,376,243,140,0.95
823,79,11/30/2023,338,109,3,0.83
467,85,11/30/2023,276,51,124,1.17
830,84,11/30/2023,422,5,167,0.76
488,91,11/30/2023,623,575,397,0.84
830,31,11/30/2023,533,315,355,1.19
529,39,11/30/2023,270,72,165,1.25
247,97,11/30/2023,626,39,12,0.87
352,47,11/30/2023,413,160,97,1.05
823,83,11/30/2023,975,480,488,1.24
412,19,11/30/2023,649,489,573,1.07
488,14,11/30/2023,412,62,11,0.90
467,89,11/30/2023,869,792,477,0.88
411,49,11/30/2023,906,366,340,1.07
823,72,11/30/2023,578,418,563,1.15
467,78,11/30/2023,7,1,0,1.00
370,37,11/30/2023,279,156,97,0.95
823,74,11/30/2023,337,422,321,0.94
352,51,11/30/2023,304,197,201,0.92
370,26,11/30/2023,497,219,145,0.80
488,18,11/30/2023,78,15,9,0.86
529,32,11/30/2023,84,86,81,1.02
488,73,11/30/2023,75,14,4,0.86
823,76,11/30/2023,765,269,413,1.01
370,28,11/30/2023,406,361,256,0.97
467,82,11/30/2023,612,600,546,0.91
830,26,11/30/2023,827,127,190,1.18
247,13,11/30/2023,552,181,287,0.99
467,16,11/30/2023,446,439,226,0.75
823,65,11/30/2023,231,240,231,0.79
247,26,10/31/2023,792,253,310,0.97
352,42,10/31/2023,1174,94,527,1.22
830,81,10/31/2023,429,28,174,1.17
467,29,10/31/2023,858,27,175,0.98
412,93,10/31/2023,852,214,427,1.08
370,96,10/31/2023,77,50,66,1.21
411,97,10/31/2023,148,45,49,1.05
488,88,10/31/2023,1083,861,1074,1.12
529,89,10/31/2023,617,648,506,0.95
823,78,10/31/2023,222,170,200,1.24
830,94,10/31/2023,618,676,514,0.76
370,17,10/31/2023,120,48,87,1.22
247,70,10/31/2023,907,36,44,1.13
830,30,10/31/2023,184,73,73,0.76
412,71,10/31/2023,47,38,23,0.90
823,56,10/31/2023,708,333,423,1.02
412,84,10/31/2023,956,277,443,1.04
352,46,10/31/2023,528,128,89,0.78
488,68,10/31/2023,17,17,16,0.81
247,19,10/31/2023,497,59,90,0.98
467,77,10/31/2023,914,282,570,1.14
830,21,10/31/2023,406,47,215,0.76
412,62,10/31/2023,890,296,585,1.17
823,73,10/31/2023,313,20,17,1.11
529,18,10/31/2023,854,92,34,1.03
467,79,10/31/2023,72,9,25,1.16
529,31,10/31/2023,371,105,207,1.24
247,10,10/31/2023,660,448,377,0.84
411,94,10/31/2023,1065,220,172,1.10
830,12,10/31/2023,185,97,117,1.24
488,19,10/31/2023,788,175,189,1.12
412,79,10/31/2023,728,565,147,0.75
830,80,10/31/2023,273,40,107,1.22
411,96,10/31/2023,292,38,47,0.79
823,53,10/31/2023,201,63,129,1.25
830,69,10/31/2023,355,119,122,1.22
467,17,10/31/2023,664,66,205,1.19
370,86,10/31/2023,332,10,21,0.87
529,13,10/31/2023,429,3,32,0.97
467,74,10/31/2023,546,322,490,1.14
352,21,10/31/2023,831,433,277,0.96
370,22,10/31/2023,218,19,2,1.04
411,36,10/31/2023,711,104,292,1.02
830,62,10/31/2023,126,77,73,0.80
467,10,10/31/2023,606,341,437,1.01
488,69,10/31/2023,207,169,191,1.02
411,91,10/31/2023,341,69,122,1.21
247,49,10/31/2023,839,437,388,0.86
488,58,10/31/2023,1008,925,944,1.10
467,67,10/31/2023,130,41,10,1.00
370,55,10/31/2023,403,296,272,0.81
823,50,10/31/2023,472,255,268,1.10
411,16,10/31/2023,431,328,315,0.99
529,21,10/31/2023,684,382,519,0.95
370,57,10/31/2023,290,197,181,1.12
830,55,10/31/2023,354,106,115,0.78
488,62,10/31/2023,289,44,6,0.98
247,42,10/31/2023,968,358,483,1.01
352,84,10/31/2023,415,104,117,0.97
411,31,10/31/2023,161,141,114,0.97
488,51,10/31/2023,294,148,71,0.92
488,64,10/31/2023,710,200,350,1.18
529,78,10/31/2023,48,33,28,0.86
529,12,10/31/2023,752,645,391,0.89
370,63,10/31/2023,740,347,376,1.02
529,56,10/31/2023,100,79,80,0.76
411,77,10/31/2023,480,399,374,1.18
467,51,10/31/2023,1013,823,848,1.21
411,13,10/31/2023,36,7,4,0.81
488,33,10/31/2023,359,24,83,1.15
830,39,10/31/2023,72,44,64,1.04
488,46,10/31/2023,1166,112,491,1.23
247,39,10/31/2023,157,54,85,1.03
467,42,10/31/2023,1008,517,807,1.08
411,15,10/31/2023,814,429,646,1.16
823,38,10/31/2023,320,141,180,1.07
823,93,10/31/2023,752,225,365,1.02
529,51,10/31/2023,65,52,39,0.94
830,56,10/31/2023,160,166,153,1.00
823,82,10/31/2023,695,774,467,0.77
823,29,10/31/2023,243,112,67,1.02
830,45,10/31/2023,521,250,92,0.89
488,94,10/31/2023,44,28,28,0.77
488,41,10/31/2023,861,286,176,0.94
467,50,10/31/2023,705,909,651,0.79
830,36,10/31/2023,786,670,699,0.80
247,23,10/31/2023,673,684,559,0.92
830,38,10/31/2023,50,5,1,0.93
488,45,10/31/2023,608,131,33,0.82
412,92,10/31/2023,321,125,213,1.13
830,93,10/31/2023,810,403,704,1.24
247,80,10/31/2023,492,310,408,1.20
488,34,10/31/2023,455,329,313,1.09
247,93,10/31/2023,62,15,1,0.75
352,43,10/31/2023,314,83,66,1.09
488,89,10/31/2023,479,156,188,1.21
823,79,10/31/2023,444,428,412,1.09
467,85,10/31/2023,203,154,175,0.86
830,84,10/31/2023,594,510,538,1.07
488,91,10/31/2023,801,175,323,1.08
830,31,10/31/2023,493,323,431,1.10
529,39,10/31/2023,177,186,149,0.82
247,97,10/31/2023,677,601,565,0.94
352,47,10/31/2023,476,47,130,1.21
823,83,10/31/2023,967,629,724,1.23
412,19,10/31/2023,565,271,369,0.93
488,14,10/31/2023,463,207,139,1.01
467,89,10/31/2023,1184,647,1091,1.20
411,49,10/31/2023,932,459,739,1.10
823,72,10/31/2023,433,310,310,0.86
467,78,10/31/2023,8,6,8,1.18
370,37,10/31/2023,338,92,62,1.15
823,74,10/31/2023,438,166,245,1.22
352,51,10/31/2023,300,80,132,0.91
370,26,10/31/2023,571,503,496,0.92
488,18,10/31/2023,102,13,9,1.12
529,32,10/31/2023,89,53,50,1.08
488,73,10/31/2023,85,0,14,0.98
823,76,10/31/2023,621,835,608,0.82
370,28,10/31/2023,511,372,510,1.22
467,82,10/31/2023,666,84,10,0.99
830,26,10/31/2023,764,96,82,1.09
247,13,10/31/2023,446,186,208,0.80
467,16,10/31/2023,659,293,417,1.11
823,65,10/31/2023,240,12,32,0.82
247,26,9/30/2023,735,310,342,0.90
352,42,9/30/2023,741,797,451,0.77
830,81,9/30/2023,283,174,97,0.77
467,29,9/30/2023,710,897,635,0.81
412,93,9/30/2023,639,285,245,0.81
370,96,9/30/2023,61,10,4,0.96
411,97,9/30/2023,144,148,123,1.02
488,88,9/30/2023,870,329,184,0.90
529,89,9/30/2023,759,663,747,1.17
823,78,9/30/2023,192,161,172,1.07
830,94,9/30/2023,780,355,468,0.96
370,17,9/30/2023,81,93,61,0.83
247,70,9/30/2023,899,191,239,1.12
830,30,9/30/2023,184,153,90,0.76
412,71,9/30/2023,62,29,26,1.19
823,56,9/30/2023,618,185,227,0.89
412,84,9/30/2023,790,186,149,0.86
352,46,9/30/2023,745,688,627,1.10
488,68,9/30/2023,18,16,12,0.85
247,19,9/30/2023,466,436,375,0.92
467,77,9/30/2023,626,355,5,0.78
830,21,9/30/2023,668,401,663,1.25
412,62,9/30/2023,601,351,183,0.79
823,73,9/30/2023,350,211,296,1.24
529,18,9/30/2023,912,68,242,1.10
467,79,9/30/2023,56,17,1,0.91
529,31,9/30/2023,269,255,207,0.90
247,10,9/30/2023,731,417,433,0.93
411,94,9/30/2023,1113,625,538,1.15
830,12,9/30/2023,165,16,65,1.11
488,19,9/30/2023,774,584,703,1.10
412,79,9/30/2023,1146,819,1140,1.18
830,80,9/30/2023,206,52,50,0.92
411,96,9/30/2023,377,77,102,1.02
823,53,9/30/2023,135,78,57,0.84
830,69,9/30/2023,352,91,219,1.21
467,17,9/30/2023,525,94,28,0.94
370,86,9/30/2023,321,18,10,0.84
529,13,9/30/2023,464,119,243,1.05
467,74,9/30/2023,378,236,140,0.79
352,21,9/30/2023,987,189,431,1.14
370,22,9/30/2023,235,156,202,1.12
411,36,9/30/2023,523,586,314,0.75
830,62,9/30/2023,130,114,59,0.83
467,10,9/30/2023,510,183,201,0.85
488,69,9/30/2023,185,46,63,0.91
411,91,9/30/2023,288,304,287,1.02
247,49,9/30/2023,888,355,218,0.91
488,58,9/30/2023,989,335,582,1.08
467,67,9/30/2023,161,71,76,1.24
370,55,9/30/2023,427,2,28,0.86
823,50,9/30/2023,459,450,373,1.07
411,16,9/30/2023,444,70,12,1.02
529,21,9/30/2023,547,14,260,0.76
370,57,9/30/2023,306,149,168,1.18
830,55,9/30/2023,345,446,260,0.76
488,62,9/30/2023,327,93,104,1.11
247,42,9/30/2023,843,693,358,0.88
352,84,9/30/2023,402,264,234,0.94
411,31,9/30/2023,188,110,102,1.13
488,51,9/30/2023,371,284,351,1.16
488,64,9/30/2023,560,424,478,0.93
529,78,9/30/2023,53,30,35,0.94
529,12,9/30/2023,1006,426,629,1.19
370,63,9/30/2023,711,397,303,0.98
529,56,9/30/2023,99,7,30,0.75
411,77,9/30/2023,505,329,337,1.24
467,51,9/30/2023,988,671,872,1.18
411,13,9/30/2023,47,20,32,1.05
488,33,9/30/2023,300,94,88,0.96
830,39,9/30/2023,52,10,10,0.76
488,46,9/30/2023,787,295,125,0.83
247,39,9/30/2023,126,142,87,0.83
467,42,9/30/2023,718,455,371,0.77
411,15,9/30/2023,597,15,29,0.85
823,38,9/30/2023,281,32,59,0.94
823,93,9/30/2023,612,366,182,0.83
529,51,9/30/2023,78,48,73,1.13
830,56,9/30/2023,173,68,79,1.08
823,82,9/30/2023,1002,271,244,1.11
823,29,9/30/2023,288,184,246,1.21
830,45,9/30/2023,679,74,267,1.16
488,94,9/30/2023,44,2,9,0.77
488,41,9/30/2023,971,181,34,1.06
467,50,9/30/2023,963,209,128,1.08
830,36,9/30/2023,757,358,338,0.77
247,23,9/30/2023,798,777,755,1.09
830,38,9/30/2023,56,28,41,1.03
488,45,9/30/2023,772,354,429,1.04
412,92,9/30/2023,233,193,94,0.82
830,93,9/30/2023,509,370,187,0.78
247,80,9/30/2023,394,301,342,0.96
488,34,9/30/2023,471,90,236,1.13
247,93,9/30/2023,76,7,3,0.92
352,43,9/30/2023,331,18,121,1.15
488,89,9/30/2023,447,85,108,1.13
823,79,9/30/2023,460,22,160,1.13
467,85,9/30/2023,182,236,140,0.77
830,84,9/30/2023,566,129,123,1.02
488,91,9/30/2023,653,22,67,0.88
830,31,9/30/2023,385,519,362,0.86
529,39,9/30/2023,214,47,95,0.99
247,97,9/30/2023,713,136,309,0.99
352,47,9/30/2023,393,108,61,1.00
823,83,9/30/2023,872,768,783,1.11
412,19,9/30/2023,467,391,105,0.77
488,14,9/30/2023,531,274,384,1.16
467,89,9/30/2023,740,798,729,0.75
411,49,9/30/2023,652,576,449,0.77
823,72,9/30/2023,433,120,20,0.86
467,78,9/30/2023,6,5,5,0.90
370,37,9/30/2023,368,74,148,1.25
823,74,9/30/2023,359,71,154,1.00
352,51,9/30/2023,248,230,188,0.75
370,26,9/30/2023,578,387,251,0.93
488,18,9/30/2023,106,4,30,1.16
529,32,9/30/2023,92,55,53,1.12
488,73,9/30/2023,71,37,9,0.82
823,76,9/30/2023,848,79,299,1.12
370,28,9/30/2023,373,113,67,0.89
467,82,9/30/2023,740,115,296,1.10
830,26,9/30/2023,778,574,574,1.11
247,13,9/30/2023,424,27,21,0.76
467,16,9/30/2023,535,273,291,0.90
823,65,9/30/2023,220,310,167,0.75
247,26,8/31/2023,703,,,0.86
352,42,8/31/2023,1087,,,1.13
830,81,8/31/2023,360,,,0.98
467,29,8/31/2023,972,,,1.11
412,93,8/31/2023,679,,,0.86
370,96,8/31/2023,67,,,1.04
411,97,8/31/2023,169,,,1.20
488,88,8/31/2023,1015,,,1.05
529,89,8/31/2023,675,,,1.04
823,78,8/31/2023,181,,,1.01
830,94,8/31/2023,667,,,0.82
370,17,8/31/2023,113,,,1.15
247,70,8/31/2023,851,,,1.06
830,30,8/31/2023,247,,,1.02
412,71,8/31/2023,65,,,1.25
823,56,8/31/2023,576,,,0.83
412,84,8/31/2023,827,,,0.90
352,46,8/31/2023,806,,,1.19
488,68,8/31/2023,22,,,1.07
247,19,8/31/2023,527,,,1.04
467,77,8/31/2023,986,,,1.23
830,21,8/31/2023,406,,,0.76
412,62,8/31/2023,769,,,1.01
823,73,8/31/2023,265,,,0.94
529,18,8/31/2023,738,,,0.89
467,79,8/31/2023,74,,,1.20
529,31,8/31/2023,317,,,1.06
247,10,8/31/2023,715,,,0.91
411,94,8/31/2023,1200,,,1.24
830,12,8/31/2023,116,,,0.78
488,19,8/31/2023,655,,,0.93
412,79,8/31/2023,825,,,0.85
830,80,8/31/2023,208,,,0.93
411,96,8/31/2023,352,,,0.95
823,53,8/31/2023,156,,,0.97
830,69,8/31/2023,224,,,0.77
467,17,8/31/2023,647,,,1.16
370,86,8/31/2023,329,,,0.86
529,13,8/31/2023,340,,,0.77
467,74,8/31/2023,474,,,0.99
352,21,8/31/2023,745,,,0.86
370,22,8/31/2023,189,,,0.90
411,36,8/31/2023,795,,,1.14
830,62,8/31/2023,185,,,1.18
467,10,8/31/2023,492,,,0.82
488,69,8/31/2023,168,,,0.83
411,91,8/31/2023,305,,,1.08
247,49,8/31/2023,1025,,,1.05
488,58,8/31/2023,742,,,0.81
467,67,8/31/2023,156,,,1.20
370,55,8/31/2023,457,,,0.92
823,50,8/31/2023,536,,,1.25
411,16,8/31/2023,526,,,1.21
529,21,8/31/2023,821,,,1.14
370,57,8/31/2023,287,,,1.11
830,55,8/31/2023,531,,,1.17
488,62,8/31/2023,316,,,1.07
247,42,8/31/2023,1178,,,1.23
352,84,8/31/2023,432,,,1.01
411,31,8/31/2023,196,,,1.18
488,51,8/31/2023,304,,,0.95
488,64,8/31/2023,506,,,0.84
529,78,8/31/2023,48,,,0.85
529,12,8/31/2023,803,,,0.95
370,63,8/31/2023,805,,,1.11
529,56,8/31/2023,136,,,1.03
411,77,8/31/2023,497,,,1.22
467,51,8/31/2023,787,,,0.94
411,13,8/31/2023,35,,,0.78
488,33,8/31/2023,306,,,0.98
830,39,8/31/2023,52,,,0.76
488,46,8/31/2023,957,,,1.01
247,39,8/31/2023,181,,,1.19
467,42,8/31/2023,802,,,0.86
411,15,8/31/2023,583,,,0.83
823,38,8/31/2023,254,,,0.85
823,93,8/31/2023,796,,,1.08
529,51,8/31/2023,53,,,0.77
830,56,8/31/2023,162,,,1.01
823,82,8/31/2023,1029,,,1.14
823,29,8/31/2023,226,,,0.95
830,45,8/31/2023,486,,,0.83
488,94,8/31/2023,55,,,0.96
488,41,8/31/2023,1118,,,1.22
467,50,8/31/2023,1044,,,1.17
830,36,8/31/2023,777,,,0.79
247,23,8/31/2023,820,,,1.12
830,38,8/31/2023,43,,,0.79
488,45,8/31/2023,697,,,0.94
412,92,8/31/2023,332,,,1.17
830,93,8/31/2023,692,,,1.06
247,80,8/31/2023,353,,,0.86
488,34,8/31/2023,325,,,0.78
247,93,8/31/2023,80,,,0.96
352,43,8/31/2023,228,,,0.79
488,89,8/31/2023,424,,,1.07
823,79,8/31/2023,322,,,0.79
467,85,8/31/2023,278,,,1.18
830,84,8/31/2023,572,,,1.03
488,91,8/31/2023,742,,,1.00
830,31,8/31/2023,542,,,1.21
529,39,8/31/2023,166,,,0.77
247,97,8/31/2023,540,,,0.75
352,47,8/31/2023,440,,,1.12
823,83,8/31/2023,857,,,1.09
412,19,8/31/2023,753,,,1.24
488,14,8/31/2023,421,,,0.92
467,89,8/31/2023,809,,,0.82
411,49,8/31/2023,779,,,0.92
823,72,8/31/2023,533,,,1.06
467,78,8/31/2023,6,,,0.88
370,37,8/31/2023,294,,,1.00
823,74,8/31/2023,276,,,0.77
352,51,8/31/2023,290,,,0.88
370,26,8/31/2023,714,,,1.15
488,18,8/31/2023,80,,,0.88
529,32,8/31/2023,94,,,1.15
488,73,8/31/2023,99,,,1.14
823,76,8/31/2023,628,,,0.83
370,28,8/31/2023,419,,,1.00
467,82,8/31/2023,559,,,0.83
830,26,8/31/2023,778,,,1.11
247,13,8/31/2023,430,,,0.77
467,16,8/31/2023,517,,,0.87
823,65,8/31/2023,363,,,1.24
